{"id":"3883fe1f-ae59-4b2c-8f4f-b79575af86b7","alias":"LinksWebPart","componentType":"WebPart","version":"0.0.1","manifestVersion":2,"requiresCustomScript":false,"preconfiguredEntries":[{"groupId":"5c03119e-3074-46fd-976b-c60198311f70","group":{"default":"Other"},"title":{"default":"FinalLinks"},"description":{"default":"Links description"},"officeFabricIconFontName":"Page","properties":{"imgUrl":"https://rwcdnstorage.blob.core.windows.net/rwdms/SharePointLogo.png"}}],"loaderConfig":{"entryModuleId":"links-web-part","internalModuleBaseUrls":["https://robertwalters.sharepoint.com/sites/moderntest/SiteAssets/WebParts/FinalLinks/"],"scriptResources":{"links-web-part":{"type":"path","path":"links-web-part_7f8b41d73ad5489307c0e596521948a8.js"},"LinksWebPartStrings":{"defaultPath":"links-linkswebpartstrings_en-us_292d52ab0e6d774ad7a0759229302d46.js","type":"localizedPath","paths":{}},"react":{"type":"component","version":"16.3.2","id":"0d910c1c-13b9-4e1c-9aa4-b008c5e42d7d"},"react-dom":{"type":"component","version":"16.3.2","id":"aa0a46ec-1505-43cd-a44a-93f3a5aa460a"},"@microsoft/sp-core-library":{"type":"component","version":"1.7.0","id":"7263c7d0-1d6a-45ec-8d85-d4d1d234171b"},"@microsoft/sp-webpart-base":{"type":"component","version":"1.7.0","id":"974a7777-0990-4136-8fa6-95d80114c2e0"}}}}